<?xml version="1.0" encoding="UTF-8"?>
<Datacenters>
	<Datacenter name="DC_CR">
		<Attribute name="location">Beijing</Attribute>
		<Hosts>
			<Host name="HPXeon3104" size="10" />
			<Host name="HPDL580" size="10" />
			<Host name="IBMP570" size="10" />
		</Hosts>
		<Energies>
			<Energy name="solar_DC_CR" size="1"/>
			<Energy name="wind_DC_CR" size="1"/>
		</Energies>
		<Batteries>
			<Battery name="unknown" size="1"/>
		</Batteries>
	</Datacenter>
	<Datacenter name="DC_MB">
		<Attribute name="location">Beijing</Attribute>
		<Hosts>
			<Host name="HPXeon3104" size="10" />
			<Host name="HPDL580" size="10" />
			<Host name="IBMP570" size="10" />
		</Hosts>
		<Energies>
			<Energy name="solar_DC_MB" size="1"/>
			<Energy name="wind_DC_MB" size="1"/>
		</Energies>
		<Batteries>
			<Battery name="unknown" size="1"/>
		</Batteries>
	</Datacenter>
	<Datacenter name="DC_SH">
		<Attribute name="location">Beijing</Attribute>
		<Hosts>
			<Host name="HPXeon3104" size="10" />
			<Host name="HPDL580" size="10" />
			<Host name="IBMP570" size="10" />
		</Hosts>
		<Energies>
			<Energy name="solar_DC_SH" size="1"/>
			<Energy name="wind_DC_SH" size="1"/>
		</Energies>
		<Batteries>
			<Battery name="unknown" size="1"/>
		</Batteries>
	</Datacenter>
	<Datacenter name="DC_LA">
		<Attribute name="location">Beijing</Attribute>
		<Hosts>
			<Host name="HPXeon3104" size="10" />
			<Host name="HPDL580" size="10" />
			<Host name="IBMP570" size="10" />
		</Hosts>
		<Energies>
			<Energy name="solar_DC_LA" size="1"/>
			<Energy name="wind_DC_LA" size="1"/>
		</Energies>
		<Batteries>
			<Battery name="unknown" size="1"/>
		</Batteries>
	</Datacenter>
	<Datacenter name="DC_OS">
		<Attribute name="location">Beijing</Attribute>
		<Hosts>
			<Host name="HPXeon3104" size="10" />
			<Host name="HPDL580" size="10" />
			<Host name="IBMP570" size="10" />
		</Hosts>
		<Energies>
			<Energy name="solar_DC_OS" size="1"/>
			<Energy name="wind_DC_OS" size="1"/>
		</Energies>
		<Batteries>
			<Battery name="unknown" size="1"/>
		</Batteries>
	</Datacenter>
</Datacenters>
