,RR,NE,MT,MP,MG,MC
0,229927.68300000002,198589.425,230383.782,230067.478,230171.971,230004.952
1,231942.80000000002,198371.586,231284.074,149955.1,218827.029,198140.95899999997
2,229367.212,197953.229,229761.886,207780.0,219874.965,197677.436
3,227326.69900000002,198206.5,230792.74599999998,210946.025,217780.505,198635.848
4,230149.58299999998,198003.968,230038.42700000003,215326.0,217912.346,199216.652
5,230104.61299999998,197812.855,228976.646,237540.0,218684.892,198313.989
6,246064.228,206446.79499999998,241824.658,216312.486,227578.357,203822.715
7,244397.038,206383.28499999997,242918.005,219461.697,223140.52699999997,204339.319
8,242977.651,206298.987,241850.965,246362.063,224225.21,202783.00199999998
9,242384.548,205703.798,243028.59699999998,254502.0,226106.43999999997,202616.83
10,244332.733,206392.926,242732.937,207780.0,223237.098,204685.954
11,244591.057,205870.60700000002,245297.562,223297.875,221871.443,204186.795
12,240810.839,210073.345,238856.975,237540.0,221225.652,204255.54299999998
13,240659.28600000002,209495.684,239549.862,245315.625,219685.20099999997,202206.661
14,240725.62699999998,209590.002,239488.46399999998,214458.893,218494.927,201695.99
15,241264.488,209590.945,239567.608,214518.701,217053.196,201216.669
16,242527.648,208287.01799999998,238643.262,237540.0,217977.12399999998,199973.264
17,241427.864,209564.512,239363.99899999998,255718.688,217646.494,202721.27300000002
18,251965.37399999998,212132.64599999998,250065.861,213742.148,222792.72400000002,208389.697
19,250503.468,212913.596,250439.978,229238.625,226858.452,205815.97100000002
20,252711.08299999998,212429.64,249583.78399999999,245920.562,227897.907,207197.132
21,251256.445,212604.625,250379.358,231760.535,227514.352,205678.301
22,250478.677,212153.718,249546.311,221342.063,226838.401,206877.31599999996
23,253187.84,212384.064,250610.906,218623.172,227655.953,206178.39500000002
24,254040.205,214152.906,254631.10700000002,194920.313,227394.516,204751.30000000002
25,254514.267,214652.912,253978.435,213102.74599999998,233935.249,208609.88
26,251153.58399999997,214275.143,251758.512,239787.439,231998.171,207732.554
27,253492.80800000002,214004.29,253102.881,267600.0,233947.138,206365.179
28,254003.209,215612.32200000001,253561.901,241469.192,233351.177,206484.444
29,255012.642,214363.195,255348.87399999998,231636.373,232072.288,207654.428
30,248403.50699999998,213322.866,245253.54299999998,222611.813,230211.937,205068.449
31,249668.19799999997,212139.11,247213.966,239666.179,228410.892,204135.467
32,248811.931,212174.47199999998,246551.486,241989.895,229099.198,202959.426
33,248116.802,212266.201,247754.735,182925.945,229388.898,206458.114
34,247999.29200000002,212466.102,246061.207,188150.033,229743.398,205496.397
35,248316.79900000003,212604.48200000002,246706.939,216379.741,228622.13999999998,203125.976
36,258706.994,214395.639,257250.495,253953.375,231809.228,209947.25100000002
37,258362.46300000002,213864.53600000002,259881.962,259463.259,230437.942,212527.991
38,259016.47600000002,214443.211,259700.07499999998,235325.373,231246.404,211398.441
39,258583.90300000002,214261.169,261085.71,229702.875,229589.17,210343.672
40,259236.92700000003,214678.08,259984.828,246873.188,231074.84399999998,210682.339
41,259134.751,215743.835,260775.864,211687.03,230434.384,209908.27000000002
42,256978.553,212464.65899999999,258122.15000000002,179225.84399999998,229771.29200000002,209044.332
43,258698.669,211716.974,259709.89,221461.125,241683.205,207849.882
44,257190.73,213294.193,256210.604,248219.813,241326.984,208305.493
45,257387.71600000001,211605.30899999998,257170.698,262414.024,241503.36700000003,207655.06900000002
46,258832.64700000003,212215.271,258764.836,223676.25,240263.081,208868.107
47,256700.96500000003,212059.297,255479.64299999998,226249.875,242352.793,207384.9
48,248146.19,211187.569,245410.80899999998,201597.002,238508.562,204954.745
49,247689.383,210171.71399999998,245068.562,207780.0,244802.266,205789.389
50,249025.75100000002,210353.784,245235.772,212250.77,232072.119,207217.154
51,246341.807,211452.028,246166.975,239698.584,233770.422,207073.633
52,246226.256,211077.402,245241.989,251406.75,232763.208,205718.524
53,246832.382,209530.969,244182.30299999999,221899.125,233649.936,208607.247
54,243992.603,213565.462,241786.077,237540.0,229536.796,204264.133
55,243605.034,213405.277,243087.552,223067.063,225966.994,204231.29799999998
56,246229.859,212724.154,242974.664,237540.0,227066.62900000002,203824.938
57,245967.729,212312.984,242908.09999999998,231028.678,226477.948,205446.482
58,245173.523,211941.68,242502.562,223469.25,226279.548,203205.369
59,245118.834,213307.065,244258.298,213643.66700000002,224377.56,204667.28199999998
60,253966.50999999998,212544.392,253171.88199999998,240076.479,224844.238,209559.76799999998
61,250745.49299999996,214968.66,250658.25899999996,256495.688,220710.899,208125.387
62,250569.8,214923.729,252367.474,191258.936,219797.449,209331.916
63,252491.262,213574.713,251654.58399999997,176153.015,219955.563,207746.87300000002
64,253010.286,214333.24,250011.699,217328.035,219063.585,208759.41
65,252916.983,214890.716,249567.235,243848.818,219213.462,208249.417
66,257569.584,219244.991,257584.25600000002,267600.0,222813.11099999998,211404.06100000002
67,257365.10500000004,219504.71300000002,256859.112,234928.97799999997,218118.19700000001,213078.067
68,258257.75799999997,220372.01499999998,259802.32299999997,230240.813,218613.62099999998,212367.542
69,254908.31199999998,219812.777,257086.53800000003,233203.278,219270.88,211671.404
70,257361.941,220175.169,259457.474,244723.027,221699.459,212554.14599999998
71,256915.208,220542.593,258776.718,219852.00699999998,219214.63,210970.337
72,261535.668,219172.8,263652.63800000004,186097.613,222865.38,214375.864
73,260272.117,221147.929,264183.697,237540.0,223853.078,214653.56499999997
74,260717.915,219621.37099999998,263374.30000000005,253119.938,221640.111,214795.302
75,261548.438,220544.179,261101.295,239729.013,222581.603,214151.184
76,261107.854,220265.329,263460.08999999997,247638.0,222640.914,214098.13700000002
77,260232.91100000002,218883.092,265170.638,214518.08299999998,222820.032,213659.059
78,264304.505,217361.79200000002,267600.0,193457.438,227432.513,215939.196
79,263583.41099999996,216752.394,267600.0,228125.813,233105.338,216788.967
80,264765.485,217378.46999999997,267600.0,253284.938,233842.217,217811.60199999998
81,263677.151,217104.79,267600.0,257997.704,233306.474,215079.25900000002
82,264970.289,217430.957,267600.0,210624.162,232325.13,215721.449
83,263541.339,216886.449,267600.0,194190.188,233330.25,218103.09999999998
84,260288.557,214884.902,267600.0,215982.697,229602.8,212751.43600000002
85,260439.513,214449.65899999999,267401.349,243666.801,242769.868,212087.903
86,260382.495,213984.937,263671.973,267600.0,242505.883,211909.26799999998
87,260863.109,214834.448,261037.45399999997,236799.22100000002,241765.532,213368.58399999997
88,260854.067,214686.979,261020.046,208821.491,242586.952,214029.382
89,259357.093,215971.16999999998,260711.19300000003,174440.41700000002,241882.876,210304.18800000002
90,254006.532,210184.342,248015.021,220785.938,236781.85700000002,204947.54
91,252585.809,209919.679,250636.103,247506.563,249243.90899999999,208500.411
92,252664.21500000003,210843.13400000002,248453.58899999998,261761.153,250470.136,208002.358
93,251429.20799999998,209890.662,250446.788,230456.604,249565.205,208241.67700000003
94,252986.409,210302.141,249049.226,237540.0,249385.288,208653.98200000002
95,251391.463,211195.424,249221.43300000002,237383.307,251561.84600000002,207538.723
96,253408.378,209396.356,253901.617,252842.625,253670.25,207581.04799999998
97,254505.938,209453.879,253679.497,202397.438,253276.313,209003.326
98,255031.08000000002,209824.917,251456.021,195988.125,253482.375,212373.104
99,255250.13,209690.98700000002,254110.97699999998,231610.202,243565.796,211243.955
100,255532.89999999997,209114.299,254785.72600000002,257437.252,236072.915,209848.796
101,254953.82599999997,210271.01,256325.20799999998,236778.752,237820.5,210738.023
102,257164.773,212194.253,256121.75899999996,231573.611,238266.938,210351.256
103,257573.78,212098.52099999998,255477.798,231676.441,237258.751,212412.114
104,256020.446,211884.535,257875.74700000003,240823.617,237941.626,211523.637
105,257747.81699999998,211403.977,258780.53800000003,246234.188,237676.125,214248.008
106,257248.252,211912.961,260074.077,207511.282,237870.0,212383.78000000003
107,258064.438,211438.419,258518.304,185175.085,237283.313,211700.52599999998
108,248510.698,220050.50800000003,241841.13400000002,211886.873,234333.301,204808.226
109,249180.223,218978.222,241471.24300000002,240921.856,223685.747,206031.522
110,245279.48500000002,220122.263,243270.218,251812.313,223568.811,206749.19999999998
111,244394.137,219616.8,242786.91400000002,213017.438,223947.998,204411.638
112,244298.456,217885.636,241512.11899999998,211511.927,223027.679,206279.32900000003
113,243486.97499999998,218888.54200000002,242478.07399999996,239788.348,224130.30899999998,207437.705
114,234721.25,218236.94400000002,229874.33199999997,246335.813,218598.938,199845.67599999998
115,234470.172,217596.153,228578.78499999997,216734.51,224835.26599999997,199385.53999999998
116,233659.68099999998,219417.05599999998,229846.51,207780.0,223889.152,198014.4
117,234469.063,217774.152,227654.803,237540.0,225316.639,198247.93499999997
118,232962.819,218790.833,229406.603,226497.75,224489.211,200385.684
119,233793.15699999998,218307.24200000003,228978.05,207897.21600000001,223601.269,199145.603
120,239219.00999999998,215473.91700000002,234966.19,237540.0,227574.093,204299.448
121,240124.66799999998,215421.75900000002,238280.31800000003,246222.563,226086.212,203025.642
122,239611.58499999996,215745.969,237680.904,222198.375,227560.348,202464.077
123,239605.22699999998,214356.35,237676.702,209626.388,226465.63400000002,204073.402
124,240825.894,215918.847,236147.088,237540.0,226302.536,201977.63199999998
125,239604.234,214584.984,235281.98700000002,246860.438,226730.6,201802.019
126,244863.859,218981.184,244200.11600000004,219655.875,230077.374,205898.66199999998
127,245418.20500000002,219730.236,243082.34900000002,222712.875,234284.123,206499.614
128,245002.87099999998,218281.998,242911.829,221418.0,234588.722,206513.188
129,245117.961,219664.897,243273.486,237540.0,234495.327,206393.78399999999
130,244978.38400000002,219670.573,243655.67799999999,212113.17599999998,235950.919,207523.383
131,244302.79700000002,220500.827,243081.78,221046.003,235930.622,205291.336
132,247616.606,221132.562,245393.054,234330.484,237542.013,207966.682
133,247533.33299999998,222425.033,247643.691,216454.682,236085.57200000001,209265.888
134,247110.637,222620.65800000002,246089.97499999998,208770.329,236726.80099999998,209551.727
135,247279.725,220628.27300000002,246281.185,237540.0,235382.12,208135.362
136,248761.803,221876.36700000003,246075.386,255294.0,235594.127,209597.15999999997
137,248261.567,222233.08000000002,247626.55599999998,223337.813,235993.50799999997,208964.385
138,239670.528,209585.374,236418.53199999998,237540.0,231823.178,205249.473
139,237578.94400000002,209769.61599999998,238048.8,224928.938,236641.72,204116.179
140,239257.70700000002,209237.104,235044.368,208798.192,236020.644,204066.953
141,237883.61599999998,209113.54499999998,237911.82100000003,237540.0,235501.18899999998,203286.28
142,239149.913,210334.065,238720.72799999997,246358.875,237616.578,203755.87399999998
143,236592.01900000003,210890.44799999997,236908.15999999997,237540.0,236316.857,203084.983
144,231938.62900000002,198402.734,230548.797,229018.313,232652.18899999998,198679.498
145,230598.888,199281.319,229279.908,226446.938,237353.813,199603.468
146,229851.05800000002,199180.701,228370.75699999998,225982.313,236171.063,198304.63
147,230202.607,198460.832,228215.198,225497.25,237756.188,199165.653
148,232000.661,198923.828,229914.89400000003,218432.937,236329.501,199583.406
149,230690.385,199033.796,230622.419,224249.813,237823.688,200041.983
150,244727.46699999998,207292.603,241979.595,240844.743,240589.4,206035.716
151,246638.251,206206.534,244773.527,238952.248,239995.16199999998,204257.862
152,244015.876,205966.582,242710.23200000002,226563.0,240861.63,206519.367
153,244283.911,206582.231,241991.147,237540.0,240610.485,204360.848
154,244281.67500000002,206942.313,245249.392,226080.0,241258.76799999998,205011.483
155,244174.932,206706.693,245865.31900000002,207801.138,240630.933,204789.027
156,241291.979,210360.793,239226.22599999997,186875.71,232113.667,202503.66100000002
157,243322.026,209348.009,241787.28,208774.652,215019.81,203785.475
158,240490.799,209847.42200000002,241734.50400000002,237540.0,212367.80599999998,201732.88400000002
159,241322.87900000002,209337.15500000003,241441.617,259514.396,213059.453,204543.421
160,240905.63199999998,209602.399,238668.65099999998,217474.79499999998,213729.55700000003,204727.06900000002
161,241201.708,210243.202,238541.37400000004,211993.04,213631.612,205651.04499999998
162,252663.649,212033.94999999998,251878.08,244125.693,218058.74,207507.098
163,249844.985,213452.56,251247.33,253169.813,218990.129,208538.269
164,252569.79200000002,214570.73,252196.196,219129.74599999998,219111.394,207843.25900000002
165,252337.154,212170.28,249519.663,235284.144,217572.84000000003,208701.656
166,251784.819,212790.276,250982.69900000002,237540.0,219212.197,207375.535
167,251697.501,212973.118,248502.382,236459.923,219101.72999999998,206672.78999999998
168,255941.53399999999,217897.525,255301.83,199171.128,221366.048,207763.876
169,255391.58700000003,217445.78600000002,255721.90399999998,207780.0,225191.288,208496.573
170,255577.162,216489.94000000003,254328.615,213287.21600000001,225992.419,209875.97199999998
171,255264.661,215488.235,253737.03,239787.541,225508.702,208839.582
172,254726.93600000002,216245.49599999998,257586.60099999997,267600.0,225761.87,207544.079
173,254993.798,216398.78699999998,253854.62000000002,222217.783,224771.57,208423.473
174,250604.32,213540.912,248899.80200000003,219004.84399999998,222939.83299999998,207871.335
175,250423.403,213927.723,246975.99699999997,241858.063,221630.941,206923.18099999998
176,248034.299,213651.30999999997,247901.724,257483.133,221231.837,206020.995
177,248653.62399999998,213357.452,247109.169,173182.231,222136.247,207842.547
178,248570.844,213363.52,247946.983,174673.16700000002,221956.342,206464.17
179,250067.19999999998,213051.78399999999,248630.39,213711.162,221701.936,206086.4
180,258501.472,213864.611,260061.57799999998,258076.396,226071.222,212326.98799999998
181,260200.635,215134.688,261047.80699999997,260333.138,232562.497,211557.321
182,258420.702,215236.413,262423.537,243021.755,230577.018,210676.041
183,261137.40099999998,215363.511,263302.08499999996,233026.426,231662.851,209358.712
184,259452.76999999996,215133.51799999998,261608.929,237229.111,231691.173,211427.97899999996
185,257559.517,214854.627,262454.952,214488.437,230852.454,212259.313
186,258095.48299999998,211957.851,258683.918,204905.438,230597.304,209006.271
187,256638.385,212403.36199999996,255599.305,220943.25,242187.492,207469.319
188,256673.882,211404.56,255722.669,248811.938,242762.74000000002,206713.88100000002
189,256699.284,211128.838,256339.52899999998,251053.5,242487.119,208525.136
190,257237.217,211518.742,255050.74500000002,215895.74599999998,241612.227,205973.876
191,256488.151,211092.68099999998,254903.22999999998,246390.563,244153.02500000002,208399.112
192,249330.674,209640.37,243635.734,196960.453,239499.448,203060.343
193,246383.13400000002,210989.531,244187.859,205025.731,244998.071,202916.972
194,249023.505,210802.928,244157.386,237540.0,245346.122,202543.38700000002
195,247616.575,211338.30599999998,246192.73100000003,237540.0,244494.492,202777.121
196,247774.642,211182.198,244972.50299999997,225520.5,245328.645,203834.52
197,246708.03100000002,211258.858,243809.46699999998,213985.706,244067.548,201724.84
198,242985.478,212897.52200000003,243297.525,237540.0,243628.722,202790.087
199,243501.752,214560.2,243049.47600000002,246434.438,242703.173,202057.27300000002
200,245118.40899999999,213467.402,242070.51,220109.625,227243.653,202508.476
201,245751.84699999998,212553.196,241867.74899999998,237540.0,228309.486,201889.885
202,243535.969,212300.86099999998,242547.862,233932.169,228085.109,200692.292
203,245634.057,212358.804,242869.51200000002,237540.0,227365.678,201549.473
204,251718.443,212625.146,251287.766,224559.188,229477.87099999998,204020.113
205,251994.706,213555.87300000002,253700.473,222154.313,229520.41700000002,206473.229
206,254078.25199999998,215096.64500000002,252074.505,242584.491,228966.248,204857.711
207,251705.84100000001,214776.20599999998,250674.881,222199.792,228526.429,204507.583
208,251540.148,214700.38,250724.44700000001,204180.0,229727.20299999998,205872.715
209,252908.784,214385.783,251514.442,237540.0,228475.86200000002,206561.09699999998
210,259410.918,219402.915,259649.51799999998,243685.68,231207.76,210878.784
211,257859.77000000002,219617.329,258192.581,239955.073,232532.098,210586.055
212,257843.5,219560.94700000001,258868.55999999997,217586.726,230962.822,210307.332
213,258630.782,219733.78600000002,259742.811,242577.058,232182.217,207729.745
214,258089.72100000002,220740.791,259588.27399999998,255532.125,230509.85499999998,211783.912
215,256290.50300000003,220825.01299999998,256912.055,216932.192,230055.62,210768.87
216,259480.123,219571.775,265145.28599999996,222886.313,232119.498,212687.128
217,260298.45700000002,220932.016,263655.869,201534.563,233363.199,214515.1
218,260248.873,219778.554,260832.586,225303.938,233782.44400000002,211136.79799999998
219,259469.61299999998,219046.207,266770.12100000004,251143.313,234306.142,213684.485
220,260701.738,218910.225,264697.953,255452.625,232986.188,211476.685
221,260691.973,220896.731,263859.769,231058.089,233752.938,210240.368
222,263678.662,217191.452,267600.0,217294.407,234807.692,214287.865
223,264241.33400000003,217045.07,267600.0,203399.063,236289.358,216679.78999999998
224,264363.024,217300.05200000003,267600.0,230898.915,236861.684,216285.67
225,263717.761,217425.80599999998,267600.0,254533.5,238817.202,213896.273
226,264368.701,217762.29600000003,267600.0,256325.25,238091.318,217536.066
227,264673.046,217105.283,267600.0,205513.334,237534.724,216094.794
228,263008.81799999997,216272.122,267600.0,175692.31900000002,236292.353,211734.294
229,260374.587,215918.75400000002,267600.0,215288.53,249006.376,212126.894
230,261373.49599999998,216845.796,267600.0,243452.575,247713.751,214162.242
231,261540.996,217216.36000000002,267600.0,267600.0,249451.875,212164.367
232,261586.473,216238.642,267600.0,240231.805,248531.813,211890.658
233,262126.055,217196.681,267600.0,227607.188,247535.813,212266.621
234,256451.889,212703.888,258356.402,176572.157,243882.6,208492.87900000002
235,252565.383,212061.564,250718.66,220820.813,252227.927,207563.61
236,255431.805,212889.153,252114.66,245997.952,252324.005,205111.46699999998
237,254386.078,213077.29200000002,252482.20799999998,263577.304,251361.673,207852.612
238,252559.678,212920.298,253289.359,233769.396,240044.919,207877.565
239,255429.37600000002,212159.11800000002,253010.77899999998,237540.0,239748.74300000002,207331.09900000002
240,254624.16799999998,208248.92700000003,251903.848,245781.691,240213.72100000002,208015.28999999998
241,255367.34,208620.10099999997,254714.995,247086.0,235638.90699999998,208247.16400000002
242,253475.28,208658.154,255058.142,204165.75,235596.475,208350.296
243,253422.72900000002,208767.467,251856.11500000002,197428.688,235965.14299999998,209478.414
244,254558.31200000003,209181.263,253638.541,231564.956,234634.403,207548.858
245,254422.13600000003,209071.958,254558.321,257377.149,230655.39299999998,208038.31699999998
246,261882.09999999998,211431.404,264791.547,242044.348,235007.837,214543.069
247,259952.63799999998,211231.21,262192.246,241469.247,230267.627,214205.32200000001
248,260507.81300000002,211352.467,263868.053,238490.013,230783.73,215436.191
249,261138.567,211707.61200000002,266449.953,243676.85,231563.06699999998,214963.334
250,261234.663,212269.833,263827.721,249917.063,233195.204,215029.373
251,261231.387,211101.533,261048.70700000002,209026.858,231434.16700000002,212486.492
252,249439.89,217578.20500000002,241989.008,188189.43,223119.238,203119.01099999997
253,250639.74099999998,217015.213,245213.432,218300.829,219510.42299999998,205525.00100000002
254,248576.62600000002,217596.02399999998,243967.497,245276.54499999998,221741.212,204281.618
255,249118.66100000002,217659.985,245288.144,242991.906,219798.05,203454.17599999998
256,249823.285,217950.992,242891.36,219186.672,220013.277,205989.942
257,248138.843,217954.323,244373.44299999997,217199.05,220427.938,205504.167
258,234491.88,215366.088,223599.493,237540.0,210828.011,196951.886
259,230987.395,217070.539,224468.45799999998,237540.0,206139.192,196721.644
260,231867.865,217451.982,224620.082,215164.501,206021.52000000002,196143.37
261,230867.552,216395.065,223570.383,207780.0,207650.357,195660.315
262,230280.711,217689.227,225048.37699999998,237540.0,206315.606,196520.316
263,231058.651,217762.889,225151.098,230845.721,206744.518,196674.804
264,237587.713,214211.56900000002,231116.67799999999,212233.236,209828.228,197950.83000000002
265,234739.101,215022.32,231152.894,220565.813,208931.783,198648.159
266,235173.76799999998,214586.925,232246.86,237540.0,208822.645,197327.815
267,234796.391,215560.987,231229.604,242964.468,210462.175,199822.99800000002
268,237619.908,215734.082,231624.135,206921.25,210793.565,199447.434
269,236449.11200000002,214519.122,231212.10199999998,207780.0,208225.44999999998,198652.43
270,243734.778,220092.025,243535.80299999999,237540.0,215696.697,202158.08099999998
271,243411.27499999997,221286.501,239367.38199999998,241410.0,214614.64299999998,202968.482
272,243384.36599999998,220508.531,240624.403,221674.688,215965.614,202055.72100000002
273,243352.012,219965.23200000002,242472.81,230004.75,215620.432,201907.09300000002
274,243435.32099999997,220194.772,241812.34,237540.0,216296.649,202235.452
275,245542.277,220016.248,240027.724,220968.375,216491.23299999998,203584.065
276,247981.861,225546.137,245353.06799999997,209139.991,218517.864,203856.393
277,247410.216,223772.975,243669.37600000002,237540.0,225235.801,204547.986
278,246508.565,225090.21899999998,245847.12099999998,249572.625,223731.913,204083.41199999998
279,247075.289,225455.106,245882.022,230962.416,224151.88,203452.653
280,247838.76799999998,223702.44600000003,245341.69600000003,196294.123,225765.08599999998,204586.05800000002
281,247615.948,224574.024,245944.33499999996,207780.0,227004.161,203879.778
282,238699.676,212021.68700000003,235261.033,208517.643,220599.043,199216.716
283,237649.683,212122.386,236618.25900000002,237540.0,231120.895,200040.925
284,237080.40900000004,212176.704,236089.14800000002,246645.188,230225.625,199759.931
285,237541.872,212130.894,238112.739,232482.239,231212.898,198417.495
286,237457.511,212381.12099999998,236548.10199999998,220503.0,229494.46899999998,200138.278
287,237601.74,212610.01,236477.529,224498.25,229864.252,200043.443
288,234226.16499999998,197255.974,231362.59300000002,237540.0,228709.60799999998,199893.47900000002
289,234320.462,197375.27,234088.782,248640.375,231395.59,198066.137
290,234944.758,196752.15,230844.44400000002,207865.15899999999,232236.962,198648.538
291,234075.70299999998,197363.687,231366.969,218787.226,231432.572,199389.925
292,233539.959,197448.53699999998,234937.57299999997,244303.623,231298.236,199215.06999999998
293,232298.068,197093.682,234775.679,244263.07,231937.088,197588.65099999998
294,243483.531,205938.936,243650.78000000003,211499.677,235280.406,204739.036
295,241572.016,205085.061,242598.46399999998,232301.26,246554.443,202982.45399999997
296,244308.288,206215.702,242135.554,240885.964,245243.032,204641.114
297,240868.92,205361.076,242694.005,235956.858,234627.357,203463.949
298,244467.39700000003,204438.06,242423.53099999996,219538.8,234641.13100000002,203338.597
299,244492.65600000002,206258.62900000002,244204.00299999997,237540.0,235935.987,205257.63700000002
300,239605.3,209196.869,239426.65999999997,235362.108,232141.29100000003,202794.836
301,240672.94199999998,210049.671,239336.987,232219.866,226639.514,203046.667
302,240948.506,210266.587,241883.563,217470.711,227399.514,203739.601
303,241082.559,210659.875,241828.23599999998,215469.398,225451.64,202594.45799999998
304,240056.34399999998,210328.963,239771.027,237540.0,226770.216,201560.074
305,241159.15800000002,209885.869,241324.42600000004,251918.813,226101.03199999998,201958.544
306,246325.891,210237.43600000002,245020.182,216821.701,228913.439,204798.571
307,245881.988,211068.81,243561.90399999998,234612.941,216661.20599999998,205447.567
308,246966.832,209663.206,245111.54200000002,245302.3,214353.65699999998,207057.549
309,244899.336,209076.39899999998,244776.247,199448.79700000002,215363.082,206797.056
310,244424.63,209723.67700000003,244346.074,204180.0,214436.1,205320.317
311,246829.211,208644.488,244172.49099999998,237540.0,214655.889,205179.406
312,255033.057,211608.055,254566.185,242457.927,219152.297,208999.577
313,253444.809,211789.863,255008.131,235839.312,219910.493,209499.59300000002
314,254408.82600000003,212366.528,253024.05200000003,235337.536,219001.62900000002,209871.95
315,254262.19700000001,211027.016,253817.23900000003,236017.712,219752.535,209866.375
316,253085.858,212425.78999999998,251495.54200000002,226954.5,220844.892,208597.008
317,254630.52900000004,211617.641,255525.40000000002,240284.564,221752.428,208644.68199999997
318,252394.60799999998,213296.16,251770.73599999998,238662.69,220284.481,209696.12099999998
319,253299.582,214903.683,252062.682,237540.0,220593.78699999998,209228.854
320,251652.877,213697.502,252681.777,232815.332,220125.156,209859.506
321,253421.999,214358.31,251531.478,195023.813,221360.856,209740.37399999998
322,253030.582,214682.274,253529.539,195245.438,221953.661,208444.79499999998
323,252584.565,214242.82200000001,253848.717,217610.505,219288.262,208918.04
324,254384.69999999998,215895.83299999998,253805.06399999998,249153.563,220342.52,210335.685
325,254302.16999999998,215976.81800000003,254194.327,262939.24,225627.677,209706.974
326,254387.507,215278.348,251445.114,215046.412,226147.81699999998,207414.465
327,251728.053,214774.48799999998,253273.441,222178.5,226217.459,209840.845
328,252598.53499999997,215345.433,250714.13900000002,246651.938,225004.427,208473.991
329,254293.078,216142.59000000003,252096.705,248660.063,226051.438,211076.08
330,247990.24099999998,209538.54,246900.24399999998,186186.41999999998,225111.164,205597.277
331,247751.91499999998,208877.278,246920.26,176372.554,233994.676,207811.325
332,248367.62,209623.459,250076.13999999998,219239.035,230154.355,205257.86000000002
333,249109.61,209705.12699999998,248086.853,245369.989,227567.776,206493.032
334,248442.294,209301.398,249475.555,263154.43200000003,227850.916,206259.273
335,249155.318,209002.724,249240.721,211191.986,228499.934,207349.416
336,239540.903,210410.036,238767.27499999997,208522.447,225204.663,204213.717
337,241080.798,209878.52499999997,241660.946,237540.0,223200.048,202665.702
338,240150.19900000002,210321.095,239292.57499999998,253230.0,225765.195,201996.939
339,241300.827,208897.22,239447.587,221581.688,223734.625,199976.733
340,240051.66700000002,208652.218,238715.43699999998,230103.375,223839.961,200930.83400000003
341,240729.46399999998,208993.81900000002,239191.46999999997,237540.0,223859.76,201386.081
342,231679.783,210199.923,231462.484,223575.563,221141.985,198962.811
343,232455.43899999998,209885.295,233410.12099999998,237540.0,222180.342,199391.052
344,232053.679,209881.70799999998,231047.71499999997,213382.501,222846.19400000002,199257.18899999998
345,232925.28,211151.758,232433.21600000001,207780.0,222748.718,199378.62799999997
346,233498.918,211087.401,233090.45899999997,237540.0,222332.865,199427.135
347,233546.49,209629.59,231721.471,242601.62900000002,222654.024,197214.747
348,251843.78199999998,217013.53900000002,251670.761,234363.186,226431.975,207202.66499999998
349,252275.644,215493.912,250646.332,237540.0,228752.063,206999.602
350,251972.315,215359.128,250568.813,232104.355,228161.49,205288.979
351,250335.351,215963.768,250513.561,205913.8,228313.13400000002,207506.81399999998
352,252684.93699999998,216474.969,251468.58099999998,207780.0,228023.01799999998,205236.538
353,250548.548,215224.76700000002,250339.445,218895.79499999998,227357.642,205522.2
354,249880.51799999998,217614.986,251448.889,237540.0,228695.815,206915.241
355,252489.99099999998,216829.63199999998,248497.856,253443.938,226553.222,205408.203
356,251925.857,218713.56699999998,251542.44,212892.094,225904.32799999998,206348.378
357,251070.48099999997,217909.441,250436.28100000002,231621.394,226961.283,206542.733
358,251972.034,217142.837,250204.369,237540.0,226195.13199999998,207246.472
359,252031.93699999998,217292.867,251440.01899999997,243660.986,226339.911,206480.62699999998
360,254103.468,213546.865,255390.356,243629.54,222131.908,206264.122
361,253522.299,215000.803,253070.83699999997,208065.938,219521.845,206839.648
362,254693.59900000002,215139.815,253134.48500000002,180319.289,217604.654,209115.207
363,252575.669,215630.242,252992.193,217965.755,218518.24300000002,208505.398
364,252603.865,214642.505,254776.81399999998,246984.0,218434.268,209350.064
365,253254.13499999998,214557.883,252893.325,261784.047,218476.58299999998,206265.45399999997
366,265431.428,216136.07700000002,267600.0,240315.07,224454.249,216833.014
367,264981.06299999997,215360.652,267600.0,250781.625,230891.093,214361.608
368,264810.766,215922.881,267600.0,207801.378,231613.09300000002,215457.192
369,263632.51399999997,214728.191,267600.0,200044.125,232012.37300000002,216852.64099999997
370,264185.494,214985.637,267600.0,232798.45799999998,231487.722,216087.301
371,263735.209,216275.339,267600.0,260187.241,233466.055,215578.736
372,260332.648,210962.915,267600.0,240201.065,226191.363,210784.905
373,258845.005,209440.26299999998,267600.0,241949.344,243397.005,211941.356
374,259005.897,210121.599,266191.217,203593.684,243256.02599999998,210354.94100000002
375,259578.121,209782.239,258829.55500000002,175906.09399999998,240340.908,210373.074
376,257409.231,210590.082,258992.532,217477.91700000002,242882.256,210006.135
377,258216.275,209617.06399999998,256094.845,244306.0,241059.00300000003,210521.712
378,256068.931,209842.855,254162.381,267600.0,241445.08899999998,207547.94999999998
379,255432.54499999998,209013.147,253327.743,235232.972,246917.425,206750.891
380,254550.798,209750.161,253199.27499999997,237540.0,236872.10199999998,207340.875
381,255274.101,209870.85,257954.87199999997,232426.827,236507.388,205922.54
382,255330.099,210011.487,252237.52000000002,249423.938,238297.392,205134.646
383,256047.153,209548.614,256388.548,211042.501,237390.651,206846.88499999998
384,251120.021,205295.32,245404.925,183780.258,232970.313,205100.39400000003
385,250642.691,206342.954,246023.765,223819.313,227264.035,203273.942
386,250587.334,206797.48799999998,246168.40599999996,248674.875,227512.786,202521.72499999998
387,251220.55899999998,206588.50799999997,245377.944,246679.875,228671.814,205336.093
388,251160.423,206087.082,244151.735,222286.688,226388.949,203389.38900000002
389,246820.999,205206.403,245025.945,235376.986,228442.583,201581.53100000002
390,251913.351,208660.65600000002,256764.707,234552.48,229886.32299999997,207065.19100000002
391,254477.784,207686.64800000002,254282.155,234650.735,228077.593,206702.093
392,252588.312,208690.01400000002,255017.78000000003,239630.491,227411.459,206824.364
393,254124.797,208824.462,253646.83500000002,240624.125,226187.95599999998,205647.526
394,254110.859,208798.065,254014.25,238641.108,226306.793,206157.167
395,255401.95500000002,209239.74000000002,255323.946,206999.625,227887.044,205527.60700000002
396,247906.198,220955.285,248732.097,178008.05,227045.131,203046.836
397,248954.37600000002,220761.65099999998,249503.796,212264.701,223965.592,205416.05099999998
398,249539.93,220025.002,248932.278,239398.574,222211.28699999998,202871.34699999998
399,249653.99,220724.94700000001,246991.682,252753.563,222244.498,204927.134
400,250353.13999999998,220876.22400000002,250206.31,221376.938,222716.023,203944.799
401,250496.79,221220.37800000003,247070.91199999998,238631.62900000002,223015.44799999997,204023.45
402,237396.347,219998.785,231681.809,209871.365,215617.24899999998,195553.665
403,236716.982,221756.13900000002,231595.74599999998,225682.313,216078.41999999998,197589.27599999998
404,235922.791,219228.68300000002,231720.448,237540.0,216430.05299999999,198535.409
405,236086.20799999998,220590.94999999998,231468.85199999998,225834.75,216291.835,198349.51
406,236170.52899999998,220381.31300000002,230898.35400000002,209407.809,215694.538,198429.743
407,237918.65,221190.116,231275.43699999998,237540.0,214975.609,197961.691
408,243554.12999999998,217168.55800000002,242899.586,240202.783,218721.135,201450.438
409,243568.724,218863.445,241785.94400000002,231608.353,217565.935,199528.432
410,243265.322,217433.56399999998,241187.78500000003,227029.688,217145.039,202221.104
411,243199.777,217878.727,241886.015,199940.098,216911.82299999997,202125.857
412,241074.47000000003,217695.649,242670.95599999998,207780.0,217409.473,201078.519
413,243098.174,217434.71399999998,241134.24399999998,214271.3,216644.842,201746.86500000002
414,246411.421,216461.962,245749.912,237540.0,218103.155,204479.726
415,244641.69,218191.717,243660.537,246735.938,219660.824,204130.041
416,244691.50499999998,217939.733,244329.75999999998,215932.976,220342.353,202426.014
417,245834.12300000002,217702.77599999998,245375.207,217411.623,220297.13499999998,201674.59000000003
418,244812.31199999998,216706.141,243656.528,237540.0,218803.64500000002,201921.564
419,244871.34100000001,217192.728,244352.336,245977.615,218717.017,203528.062
420,251374.25699999998,218320.823,251411.38300000003,232368.79,222170.381,204400.90199999997
421,250162.074,219948.13899999997,252157.236,210814.398,228921.83,207753.821
422,252709.14,220897.827,250079.80699999997,237540.0,230695.407,206286.27699999997
423,250465.463,219694.288,248801.539,254029.5,227967.78,205199.50799999997
424,251739.692,220023.139,252222.956,193472.48799999998,229322.981,206937.607
425,252264.57300000003,220617.43800000002,249929.07,174420.0,229256.02099999998,208330.11700000003
426,242159.71099999998,212989.218,242623.98299999998,207855.182,223983.818,200728.521
427,240873.384,213737.494,242037.345,237540.0,231035.05299999999,203049.156
428,241558.72400000002,213989.55599999998,243076.955,265588.145,231935.465,203477.736
429,243465.575,212786.264,243077.068,236374.261,232493.092,205204.017
430,244440.658,213842.008,243452.49200000003,212300.491,232132.202,203233.91
431,244210.03100000002,213430.44,241971.00900000002,236598.695,230044.93,203808.06100000002
432,234241.171,198504.663,233699.044,243109.114,224435.474,197671.41600000003
433,232257.39599999998,197840.684,233553.759,240923.385,232753.528,198326.826
434,234126.554,197545.69999999998,230364.526,219638.438,231119.983,200301.94799999997
435,232100.302,197491.938,230806.049,221355.0,231246.865,199204.53399999999
436,232192.042,197107.71899999998,234254.031,237540.0,231752.67,201137.27999999997
437,232325.367,198148.571,231687.761,247233.563,232803.572,197886.489
438,251477.158,206146.758,251224.88299999997,220776.188,244428.751,206392.133
439,249439.594,206096.705,247814.31,223509.188,252377.637,206363.183
440,248793.10599999997,206326.184,248521.821,250378.313,253059.19,206941.55899999998
441,251698.914,205466.737,250657.614,240335.267,253730.132,207269.165
442,249988.51400000002,206009.566,250091.39299999998,228854.25,251626.476,206801.15999999997
443,249693.24,205839.43300000002,247707.22300000003,237540.0,252848.614,207351.586
444,248477.772,212046.587,247769.544,225494.063,251364.63,204811.737
445,248020.103,212046.56,246226.574,205190.26799999998,248524.418,205504.41
446,247373.585,212776.751,245267.87900000002,207780.0,248102.433,205909.711
447,248259.182,211497.266,246191.992,209444.559,225451.53,207736.236
448,248019.774,211265.84,247152.43800000002,239109.845,223127.36000000002,206255.63699999996
449,249924.0,210844.044,247042.50300000003,251532.75,223817.91199999998,206535.46
450,253547.595,215154.08399999997,253217.765,228334.875,226731.808,209878.907
451,254215.08899999998,214589.291,256713.99399999998,237540.0,223949.734,209477.694
452,254440.604,215722.42799999999,254802.897,227795.063,223681.485,210817.307
453,253362.409,215244.557,254530.79400000002,230785.577,224200.775,212894.61599999998
454,253256.462,214914.528,251612.16000000003,203538.252,224821.634,209121.294
455,251700.28,214622.61299999998,253238.165,207780.0,222579.189,210263.12399999998
456,256822.652,220218.69800000003,254094.334,209960.5,226962.413,211453.638
457,254934.943,218028.234,256726.729,237540.0,225764.779,211898.508
458,255211.307,218743.258,259899.869,259519.349,226142.10700000002,211179.85199999998
459,255319.598,219212.234,256076.30899999998,224894.25,224248.16999999998,212867.085
460,256106.51300000004,219023.119,255739.341,226658.25,226706.036,213759.842
461,256206.31499999997,220855.905,256477.816,237540.0,226113.24,212244.222
462,250295.327,214623.201,250335.328,220760.47400000002,223831.95200000002,210061.90399999998
463,251867.354,214173.48700000002,250170.165,204180.0,223796.968,210809.67599999998
464,250609.644,214495.39899999998,250651.658,237540.0,223798.78,208609.815
465,251923.298,215136.199,251328.46199999997,245376.994,225419.705,210487.541
466,251991.305,214005.539,249290.60900000003,232405.427,224058.77699999997,209882.64800000002
467,250627.916,213273.983,251179.49500000002,219979.875,224602.77599999998,210360.47699999998
468,262233.885,219339.21999999997,263593.009,253605.75,230191.54799999998,218893.854
469,262052.99599999998,219140.655,266868.99100000004,246186.375,232044.838,219346.816
470,260231.17999999996,219873.435,263902.47000000003,228945.188,231344.634,219404.93300000002
471,262223.431,221170.72,263636.16099999996,209168.334,231935.535,217939.104
472,260727.69,219438.153,267139.754,203988.938,230285.108,216132.72999999998
473,262356.832,221033.997,264720.679,228045.563,232085.761,217591.026
474,261635.022,215520.68,263482.612,249649.875,230205.49300000002,218867.94799999997
475,261440.689,215151.40000000002,264720.986,254472.375,239656.629,216636.0
476,262298.971,216210.72400000002,263648.63800000004,190623.33899999998,238290.805,215866.557
477,261412.04900000003,214975.99599999998,264794.223,190411.56900000002,238435.025,217497.74
478,261540.851,215104.48,264900.46,224289.75,239175.82299999997,215388.93899999998
479,260261.02,214671.037,264679.17100000003,249706.125,239023.27500000002,217164.291
480,251233.609,212082.23599999998,245418.859,244085.112,232692.81,209228.31900000002
481,250861.989,212272.861,250258.69399999996,226446.563,240004.154,208660.906
482,250643.53499999997,211706.53499999997,249063.478,221701.125,230100.876,209494.76499999998
483,251351.28699999998,212000.52400000003,247871.93,207145.033,222547.516,210060.419
484,251212.13,212714.44799999997,248209.38299999997,207780.0,223774.693,209951.805
485,251233.98,213357.25600000002,246801.06999999998,209244.71600000001,222276.885,208814.02500000002
486,251093.57299999997,213584.012,247705.17599999998,241200.096,224759.50300000003,208282.1
487,250072.913,214644.47400000002,247860.226,253855.125,222232.671,211160.026
488,251552.465,214386.343,247854.64899999998,222302.063,223039.475,209920.69899999996
489,251423.144,213433.133,250517.446,233927.954,222905.613,211025.74200000003
490,251063.67799999999,214929.73200000002,250108.401,237540.0,222371.62900000002,208774.848
491,249833.18099999998,214254.049,247010.801,226881.563,222336.878,208763.849
492,257727.762,216737.327,258359.894,236073.575,224679.28399999999,212377.453
493,257510.494,215846.352,256988.921,207270.75,224645.047,214323.178
494,256866.04499999998,216430.95500000002,257237.153,204103.125,223126.421,212263.42400000003
495,257524.15899999999,217571.407,259903.251,216213.285,224846.748,213662.33500000002
496,257221.885,216818.131,259759.438,245318.372,223797.762,215198.63999999998
497,257498.489,216469.69400000002,257616.585,265417.922,224300.976,213332.366
498,259392.16499999998,220087.14500000002,261016.766,237401.44,224879.434,213349.45700000002
499,260249.71000000002,220485.361,260987.751,237540.0,225284.559,214953.77
500,259520.162,220456.75400000002,262757.661,228515.25,226200.726,214530.918
501,260193.702,221201.37099999998,258966.673,220079.438,224081.736,214610.39699999997
502,260434.424,220025.91,262604.59,200201.063,225529.342,216671.891
503,260117.11599999998,221490.025,259555.28900000002,220501.688,224750.249,215155.296
504,264166.863,220984.25400000002,267600.0,259579.494,218373.832,218009.436
505,263696.79,219915.97,267600.0,264690.609,223479.24300000002,218691.912
506,265521.923,221435.809,267600.0,219296.922,222195.89,218897.782
507,264840.19800000003,220704.91,267600.0,196287.75,223373.896,219086.047
508,264826.99199999997,221561.431,267600.0,232249.646,223330.898,219733.43899999998
509,264952.599,222141.97,267600.0,257509.164,222602.553,217905.691
510,265744.66000000003,218808.135,267600.0,256602.75,222390.472,219164.995
511,265575.98,219013.636,267600.0,202587.54,228005.293,218694.47300000003
512,264702.209,218825.827,267600.0,192787.587,224482.353,217594.77300000002
513,265090.685,218957.45500000002,267600.0,229552.688,224362.041,220254.053
514,265578.31,219032.157,267600.0,255174.75,225587.95899999997,218761.365
515,265593.719,219633.079,267600.0,257464.324,226207.76,218754.55599999998
516,258806.539,216403.347,267600.0,199143.765,218738.90899999999,211645.039
517,259688.185,214677.305,267600.0,174420.0,237317.679,211460.80800000002
518,258871.563,214653.438,267600.0,211002.471,236431.847,211946.601
519,258770.793,215746.51299999998,267600.0,239179.90899999999,234742.902,211752.37399999998
520,258930.10799999998,215936.65499999997,267600.0,267600.0,235710.995,213573.808
521,258972.372,216063.178,266689.003,248328.563,235559.20599999998,212836.627
522,257536.239,214603.605,255684.46899999998,231740.509,233846.159,209961.264
523,254144.746,213952.43000000002,254083.92200000002,195572.625,243157.464,210399.185
524,254646.423,214407.30000000002,254808.3,207989.451,243059.309,208667.945
525,254481.51899999997,214784.39399999997,254183.40600000002,223822.688,244256.49599999998,210119.222
526,254050.478,214900.48799999998,254618.42899999997,250198.313,243028.166,210554.945
527,254359.59600000002,214485.663,252711.53399999999,248230.125,244457.265,208981.857
528,253328.885,210920.91199999998,250671.283,237540.0,242748.24599999998,208568.392
529,252987.718,211954.94999999998,251432.064,235735.197,240336.873,209629.67799999999
530,253270.089,210992.163,251506.077,225152.813,239901.27000000002,211581.35400000002
531,253485.811,210133.487,249409.192,237540.0,240154.51799999998,211220.864
532,252793.202,211134.95,251425.0,213843.51,240954.77000000002,209732.662
533,252582.702,210541.62300000002,253154.896,195446.438,238669.46399999998,208009.925
534,257545.607,215269.789,257526.70399999997,225123.75,230177.688,212475.855
535,257410.02500000002,215064.17700000003,258211.44300000003,249896.25,224906.50999999998,217483.76599999997
536,259133.69,214998.532,257565.339,257222.668,224887.215,215103.774
537,257873.34999999998,216239.313,257249.20999999996,221499.75,226037.882,213639.63300000003
538,257491.599,215698.78900000002,259811.842,237540.0,225924.34,213859.968
539,258654.587,214800.8,259455.46,240545.626,225636.96600000001,214934.62399999998
540,251107.189,223329.63700000002,246862.767,200663.758,221695.63499999998,211783.774
541,251416.82799999998,223124.53399999999,246968.965,180971.679,217905.296,212250.196
542,250016.582,222326.517,246130.587,212203.932,218163.144,210630.00999999998
543,250876.73400000003,223344.03,246090.49200000003,241432.463,216635.816,210156.726
544,249297.07,222605.60199999998,248037.243,250744.875,218399.228,211513.40300000002
545,251005.882,222405.828,246833.203,228369.0,216942.171,209587.068
546,240083.623,216587.727,227816.742,207780.0,211498.362,202096.068
547,234877.397,217632.146,226739.53399999999,207780.0,210880.79200000002,201988.246
548,233714.01200000002,217325.64500000002,226832.614,237540.0,211528.174,202736.671
549,233126.08299999998,216856.582,228789.106,237540.0,210472.299,202663.289
550,234208.043,216625.354,227809.918,222779.063,210689.233,202060.918
551,233312.311,217799.298,227123.64,208034.608,209047.02099999998,201915.555
552,242913.471,216463.46999999997,239756.47,238014.488,210623.249,206166.764
553,242142.22600000002,216080.594,239808.13,252687.188,210228.476,208337.35
554,243209.341,217190.647,238533.847,208071.839,209241.512,207658.209
555,243322.718,216540.438,241182.855,212415.304,210487.619,208724.891
556,242695.232,215174.048,238779.23600000003,239671.647,209915.694,207483.873
557,243298.298,215832.005,241921.66199999998,260205.218,211306.542,208645.98799999998
558,244029.644,217921.993,242808.572,206288.11299999998,210590.592,209410.86
559,244533.209,217696.016,244917.19799999997,207780.0,214439.12,211640.774
560,246032.387,217402.15499999997,244051.25600000002,237540.0,214443.18099999998,211516.671
561,244922.215,218086.723,243980.37600000002,255333.0,214530.213,210140.489
562,245993.896,218501.497,242021.589,192622.69299999997,213810.961,208978.17
563,244776.52800000002,217313.685,242786.106,174420.0,216104.794,210099.421
564,249978.82,218975.353,250441.471,214700.29,218791.415,214795.771
565,250582.60000000003,219675.989,249864.22999999998,241318.973,227045.813,213625.269
566,247595.703,220480.198,247996.18099999998,267600.0,225838.232,213794.609
567,251582.284,218811.288,248131.93999999997,217875.01,225887.592,212974.669
568,250756.73200000002,219254.09399999998,248423.814,218197.064,224271.74,213747.753
569,250256.126,218874.536,247954.366,240885.835,226986.001,213759.64500000002
570,240315.70200000002,208336.363,238359.14599999998,252424.875,219122.451,206551.485
571,241400.476,209774.78499999997,238583.21500000003,210003.736,226859.214,207659.35100000002
572,240640.023,209018.194,236630.88199999998,213021.319,229547.387,206774.473
573,241658.657,210182.71600000001,238264.173,237540.0,227037.95799999998,207373.387
574,242332.581,210736.45500000002,236082.21500000003,250559.063,229046.63199999998,208941.445
575,241520.822,209791.566,237787.78699999998,221022.0,227995.427,209335.981
576,233318.876,198931.09399999998,229856.046,237540.0,221428.11899999998,203435.37
577,233513.755,199255.33500000002,227148.674,228776.063,227141.86299999998,202854.049
578,233781.52399999998,198435.862,229329.251,211484.785,227227.279,204536.40999999997
579,233941.365,198652.05299999999,229783.21999999997,228081.938,227444.36099999998,202563.146
580,234093.215,198663.184,229796.88799999998,239077.315,228285.96099999998,204794.906
581,233319.27399999998,198657.154,227740.63799999998,238743.465,226161.848,202643.45299999998
582,246185.046,207990.35700000002,243757.765,222279.375,233778.005,210301.642
583,245332.35499999998,208634.436,245526.231,231626.858,246643.987,209149.32799999998
584,245936.06399999998,208628.99,242704.08199999997,225893.625,245817.944,210121.405
585,245800.586,208593.58500000002,242602.494,237540.0,245690.869,209371.895
586,244911.98599999998,207970.315,243309.75699999998,230388.544,246546.349,208634.245
587,246317.02699999997,208618.052,241998.80399999997,200428.994,245734.492,209684.537
588,245055.795,213011.245,239928.113,207780.0,245393.80899999998,209808.912
589,246397.849,213291.82,242627.62699999998,207780.0,250661.051,211550.36899999998
590,246773.15099999998,213433.364,242031.809,237540.0,248676.446,207580.984
591,243583.55899999998,214873.50699999998,241794.673,240400.233,223864.60499999998,210379.674
592,244695.765,213067.83500000002,241456.037,234623.965,224389.085,210715.90099999998
593,243061.23599999998,213683.389,243394.96,233174.141,223810.641,207936.439
594,248091.952,216494.65000000002,250601.11700000003,213347.74599999998,226773.234,211981.848
595,250138.838,215895.07799999998,250294.65600000002,227839.875,225614.98500000002,213644.143
596,250668.065,214328.682,249065.88700000002,240348.049,225355.725,213282.06800000003
597,248366.59600000002,215821.67500000002,248354.619,251553.75,224496.989,214522.93200000003
598,251171.921,216037.615,249485.92499999996,181092.22199999998,223485.29899999997,211895.08299999998
599,251420.69,215917.08000000002,249087.998,174420.0,225755.099,213928.721
600,254701.92700000003,218110.06399999998,254982.186,215940.902,227295.214,215593.99000000002
601,254644.71000000002,216967.322,254035.613,240837.971,226233.86800000002,216504.62999999998
602,254774.241,218104.43,255827.814,267600.0,226518.365,218605.97
603,257312.27900000004,218958.209,255964.736,236314.915,225683.646,218727.355
604,257265.643,217470.108,257621.382,224596.313,226803.33599999998,216694.693
605,254770.94700000001,217934.063,254773.89299999998,221472.188,225745.603,217422.07499999998
606,255152.193,213819.809,258105.201,221565.375,226531.475,217666.325
607,255416.45500000002,214697.935,257312.302,202242.0,227455.697,219193.85700000002
608,256209.81600000002,215331.446,257357.31699999998,220745.625,225154.853,216713.50400000002
609,254735.722,213489.472,256923.55599999998,246343.125,226037.103,216847.054
610,254693.235,214625.04499999998,254785.04799999995,262398.262,226752.665,217966.912
611,255373.688,213723.268,254878.162,230004.563,226535.564,218363.03100000002
612,260085.002,216544.02300000002,260830.017,244830.101,228171.877,219836.13999999998
613,260160.03900000002,215214.63,259449.073,207385.969,236232.109,218079.88100000002
614,260162.47,215661.816,260588.554,189090.707,235211.98400000003,220206.586
615,259312.867,217349.911,263260.222,224261.25,235362.91700000002,221041.572
616,258236.501,215644.93699999998,260105.88,252439.875,235123.517,218915.33099999998
617,258953.47400000002,217372.685,261566.599,250880.625,234307.576,219593.903
618,257554.487,211194.27500000002,259831.62,226428.563,235870.038,219610.098
619,257309.23599999998,211656.503,259457.141,201492.938,241110.057,218806.049
620,259451.225,211041.725,259460.467,206864.438,242574.00499999998,219651.967
621,257350.397,210119.80599999998,257945.33499999996,226740.563,241311.25900000002,220472.714
622,259399.75100000002,211323.153,260118.215,250634.438,241377.609,219890.76200000002
623,256617.664,211706.256,259029.188,251226.563,241927.43,216791.72699999998
624,253291.14500000002,209389.03699999998,250429.462,207780.0,238325.978,213628.891
625,252515.716,209446.83299999998,253100.325,219822.375,240820.98,216729.093
626,252203.684,208985.28100000002,249362.25299999997,241990.443,237117.427,217044.673
627,250696.973,210115.802,250946.288,263834.284,223454.151,216198.52899999998
628,252078.206,209818.56100000002,249624.558,186722.8,223554.807,216066.304
629,250390.783,208023.892,249532.24899999998,174995.27000000002,225007.223,216254.17500000002
630,251363.37099999998,213744.383,251166.424,214199.0,222501.435,215354.954
631,250357.112,214171.64,250026.21399999998,240323.62900000002,221173.56699999998,215825.282
632,250702.18399999998,213186.853,251599.536,267600.0,220559.647,215981.95500000002
633,250335.475,213371.821,250801.489,231570.64,220009.58000000002,217086.408
634,249811.092,212545.51,249641.027,237540.0,221110.362,215609.787
635,249411.983,213723.624,250571.918,226167.938,220848.215,216359.70099999997
636,254156.386,215512.725,254155.26,236787.96600000001,221382.011,220492.28199999998
637,255133.172,216277.195,254830.55999999997,237540.0,219906.775,217597.8
638,251522.645,216637.255,256400.58599999998,201639.463,220290.71600000001,216574.41700000002
639,254830.87999999998,216946.197,255701.448,196955.625,221067.001,220515.489
640,256988.269,217130.921,255670.97699999998,218586.422,210756.098,218922.224
641,254056.18600000002,215982.62099999998,254126.79200000002,241972.291,209917.092,218743.363
642,258711.76600000003,219134.35400000002,258196.29200000002,267600.0,210173.582,218638.256
643,257458.802,219720.713,259386.886,229076.175,211475.081,219878.49099999998
644,257557.522,219822.639,257312.345,238471.739,211367.543,219985.923
645,258054.551,219499.882,257304.90300000002,215210.671,210982.622,218723.38999999998
646,258172.74800000002,218269.794,257391.717,177352.554,211626.386,220788.938
647,258085.34600000002,218481.75799999997,259623.164,237540.0,210710.351,219519.69700000001
648,262197.542,220923.925,267041.922,255283.125,213160.477,222936.998
649,262070.95299999998,220389.832,267600.0,243170.166,214063.116,223393.197
650,262916.348,220376.19,267600.0,255709.313,214565.592,224152.592
651,263480.985,219975.59,267600.0,201909.885,214186.42799999999,225100.562
652,263522.345,219920.92700000003,266837.957,191429.647,213432.96600000001,223386.198
653,263682.444,221190.164,267600.0,226882.688,213530.754,223742.72
654,265661.691,223712.276,267600.0,248869.125,215650.035,226098.26200000002
655,264361.35,222265.93600000002,267600.0,260190.68,221298.168,226380.41700000002
656,265418.79600000003,222434.164,267600.0,200106.304,219927.164,223197.818
657,264980.054,224726.44400000002,267600.0,180024.49599999998,221539.614,224961.15799999997
658,264212.564,222200.10499999998,267600.0,223043.438,219941.295,224149.69700000001
659,263712.71,223884.73200000002,267600.0,247847.813,220772.456,224537.793
660,260327.695,218639.607,267600.0,257886.01,216999.59,219784.43399999998
661,259121.209,217334.15399999998,267600.0,204028.339,232108.698,220167.65899999999
662,260206.804,217858.179,263473.087,189409.715,233336.37300000002,221345.242
663,258953.766,216955.991,258394.14,214956.579,231923.828,218615.56900000002
664,259286.23299999998,218535.266,257562.13400000002,240326.70500000002,233198.86700000003,220907.347
665,257604.562,218486.99099999998,258220.18500000003,267600.0,233881.994,219778.434
666,251677.738,210207.91,249298.24800000002,248751.563,228261.897,219416.30299999999
667,251193.53000000003,209982.973,247041.391,235150.162,242502.148,218121.669
668,252890.088,210788.835,248054.0,231534.75400000002,243972.996,217711.13700000002
669,252658.12500000003,209607.919,250705.786,214277.064,241204.767,217016.591
670,252513.99899999998,211360.229,250515.00400000002,199154.813,243122.174,215048.762
671,252366.653,210611.47400000002,247907.84200000003,224596.5,242396.22100000002,214307.569
672,257453.91199999998,208121.43,257936.288,261731.63,242725.72100000002,217502.323
673,256571.794,207878.23200000002,256927.12300000002,256265.438,241211.85799999998,216190.47100000002
674,256108.418,206415.83800000002,258118.048,227521.875,241795.595,216913.24899999998
675,256680.88600000003,208012.564,256355.863,236782.44400000002,233529.849,218409.78100000002
676,255854.33899999998,207299.785,256761.555,244602.051,229360.943,218604.818
677,256453.778,208259.107,258641.101,245399.501,228557.345,218012.862
678,255005.44,212056.45799999998,253664.165,224311.5,226394.353,217064.79700000002
679,255280.09100000001,211378.265,251573.15,194275.5,222964.77000000002,215579.30799999996
680,254917.735,211765.336,253061.385,207780.0,224654.497,214196.622
681,255421.06,212241.077,252517.744,219027.182,223867.473,217577.844
682,255032.445,212230.314,253889.286,243713.282,223404.07,214977.798
683,255056.64200000002,212189.855,254679.318,253998.75,223317.68399999998,214563.02
684,244419.59,217168.653,234276.65600000002,210299.177,217669.879,207794.07499999998
685,244344.724,217422.607,234897.794,219184.03,214947.12999999998,206615.37699999998
686,238625.136,215930.429,236106.188,212767.432,215574.794,206573.876
687,237955.252,216324.385,234944.91999999998,241433.941,215151.94400000002,206478.864
688,239233.50900000002,216738.50400000002,235067.179,232263.794,216881.816,203862.887
689,237679.567,218164.559,233204.658,211756.927,215308.915,205240.302
690,227433.383,213508.80699999997,221456.814,237540.0,210515.36,200196.55000000002
691,227816.45599999998,213997.83899999998,221051.72199999998,225184.875,210566.688,199354.649
692,228597.269,215116.40099999998,220981.95299999998,207780.0,210568.157,198649.886
693,226352.959,214130.133,219276.821,233669.563,209693.906,198668.787
694,227689.16,213996.401,219788.39,237540.0,203973.867,199611.006
695,226887.897,214011.767,220888.758,211230.444,203104.189,198246.82100000003
696,239614.95599999998,216978.36,235122.924,236742.177,209085.996,206672.49199999997
697,240777.548,217066.01,235873.909,237540.0,213504.512,208189.38899999997
698,239483.349,215737.90099999998,238504.33,232476.116,213070.186,206353.913
699,240645.90099999998,216923.136,237066.355,236769.551,213566.446,208750.673
700,238817.798,216180.03100000002,235151.939,237540.0,213746.01299999998,206609.068
701,239181.01899999997,217061.12199999997,236402.454,214316.456,215182.748,206714.92799999999
702,245985.889,222870.815,244896.09199999998,210717.118,217098.90099999998,211453.65099999998
703,246117.565,222365.878,244932.765,237540.0,222751.715,212730.59999999998
704,245191.05099999998,222928.165,244058.52399999998,240400.233,223254.283,210655.718
705,247202.38900000002,222341.809,243308.06600000002,235955.399,222332.902,213144.176
706,245749.82,221999.99,243081.578,221158.875,222614.74,210176.32100000003
707,244905.89599999998,222428.997,244997.37900000002,210136.324,223100.44,211772.715
708,252481.8,225402.90899999999,251587.08000000002,237540.0,226418.014,215737.062
709,251438.49599999998,224384.391,250451.97,244261.145,234219.384,216072.242
710,252039.151,225050.848,250891.237,212950.688,232496.445,216448.87500000003
711,253273.45,224482.68099999998,251207.95500000002,174420.0,234960.94999999998,215518.49599999998
712,251962.88700000002,224448.51799999998,251670.008,208639.902,232722.899,216363.146
713,252605.441,224391.851,250139.15399999998,237540.0,233723.0,215183.366
714,239479.94400000002,208854.06699999998,236106.39899999998,264576.179,224177.488,205921.02000000002
715,240580.956,209540.663,236051.255,239730.877,233542.61899999998,207161.064
716,240554.957,209180.312,235622.25400000002,225721.688,234139.91499999998,207451.117
717,240546.76499999998,209206.90399999998,236225.459,207780.0,233497.682,209297.881
718,240499.918,209135.544,237071.525,237540.0,232714.88499999998,205821.802
719,237783.534,209155.802,234835.40399999998,247905.563,232812.08,207338.779
720,230920.41,196667.478,231356.386,237954.70799999998,231339.054,204619.515
721,232867.24099999998,196203.571,230139.46600000001,231406.988,236116.42299999998,204698.28699999998
722,230335.018,196638.086,230218.559,217582.402,235158.864,206154.095
723,230649.44,196649.593,230886.90899999999,229537.313,234958.21,206360.581
724,232756.354,196161.603,231743.025,244660.78399999999,235612.411,204655.00699999998
725,229861.174,196975.949,230238.856,229947.375,235246.751,203776.543
726,250400.125,205061.869,247996.021,229426.5,243814.94499999998,214392.93
727,248438.80599999998,205277.00699999998,246667.339,246920.438,247995.494,215443.033
728,249427.648,204973.73799999998,246625.19300000003,233210.40600000002,250148.617,213984.163
729,249849.56399999998,204347.65899999999,249030.885,227146.688,243013.329,214838.45
730,250601.904,205297.299,249527.88299999997,238631.183,227284.88999999998,212719.891
731,250616.701,205401.056,249113.606,236792.423,228688.26099999997,214428.62199999997
732,241194.90000000002,207221.795,241300.818,227130.563,225673.11299999998,212671.41599999997
733,239905.081,208185.307,239674.949,224269.125,220115.238,208775.44
734,243978.19500000004,207106.22999999998,242037.93999999997,237540.0,220701.725,212500.464
735,240807.896,206986.454,241880.143,203197.502,221227.87399999998,211724.107
736,242779.42700000003,206833.055,243007.526,174420.0,218986.794,211623.507
737,244067.94600000003,207138.37,239693.014,209384.51,219808.085,210045.871
738,243428.05099999998,209923.61200000002,241825.658,239545.052,220456.707,212425.43300000002
739,243050.605,209884.517,243598.891,267600.0,217769.467,211390.029
740,243547.30899999998,210231.215,244635.78699999998,219880.764,218607.165,211420.713
741,243309.95500000002,211087.174,245093.5,211409.603,217854.554,213092.34499999997
742,242650.864,209841.578,241756.072,240821.889,218193.222,209745.663
743,243115.11,210525.674,242457.029,252504.75,218053.13,211045.885
744,247024.721,213844.722,249579.567,214506.211,220431.923,215144.606
745,250247.62900000002,214493.658,248380.36599999998,227435.438,226951.697,215313.978
746,250481.67199999996,214046.611,247975.697,237540.0,226044.672,214268.279
747,250329.373,213714.55099999998,248080.41400000002,237993.214,225943.698,215487.346
748,248406.856,214020.985,249738.164,231014.764,224619.673,214329.591
749,251266.897,214539.113,248061.456,200467.611,218338.85199999998,214798.46
750,249425.341,215274.768,247448.196,207780.0,216828.095,215572.503
751,248352.968,216206.089,247986.511,212354.535,216980.601,213846.38499999998
752,248211.96000000002,213903.781,247876.609,240262.269,215893.35100000002,216105.391
753,250354.98500000002,217121.30599999998,246816.873,254070.938,216252.973,214907.293
754,249303.96899999998,215248.722,246723.33900000004,218945.99599999998,216500.707,215836.39599999998
755,249740.73600000003,214709.644,246730.49899999998,234656.03399999999,216512.00900000002,214054.462
756,255508.00600000002,219142.93399999998,257361.758,248666.625,222901.332,218942.536
757,255553.206,218343.213,256305.98799999998,227019.75,222803.361,220315.68600000002
758,254610.952,217826.13,256307.87900000002,223063.5,223596.262,217757.49099999998
759,256779.954,217623.09600000002,256929.794,250627.688,222918.652,218847.65099999998
760,253272.67699999997,217905.197,254838.99099999998,213642.938,223673.772,219384.39
761,254309.513,217492.99899999998,254960.65,183260.50699999998,224607.792,217766.875
762,252684.52,212646.63300000003,253881.595,221995.688,221332.266,219432.012
763,255859.624,212454.802,254793.174,250563.563,222543.073,216919.049
764,253949.612,211935.30699999997,251289.62300000002,259419.927,220349.616,218175.166
765,254293.905,211625.068,252761.068,219814.875,222554.72,217195.10700000002
766,253871.90699999998,212121.125,250526.081,226290.938,221375.858,218108.738
767,254798.779,212650.56900000002,253973.853,250027.875,221969.00699999998,219398.37900000002
768,245057.55599999998,207290.767,245181.365,203043.02099999998,218901.891,216603.522
769,246359.81,208150.196,242780.146,207780.0,221158.437,212630.2
770,247879.17700000003,207927.516,245365.97,211904.16700000002,221413.766,213514.908
771,245751.569,208107.81300000002,242929.098,237540.0,221493.751,215126.33599999998
772,247493.93600000002,207842.069,243039.796,251313.375,220987.178,212519.499
773,244147.613,205995.89,244252.60199999998,217276.152,221309.521,214269.75300000003
774,241394.67,211321.05299999999,241051.79699999996,229848.188,220930.491,208884.203
775,242406.652,211120.769,241817.707,237540.0,216971.58,211700.19599999997
776,242593.05899999998,211367.585,239572.08299999998,232468.006,217433.71600000001,213135.576
777,243196.521,211394.615,241841.777,207780.0,217439.72100000002,212120.689
778,241263.662,212252.636,243651.86200000002,237540.0,217377.99099999998,211204.52199999997
779,243458.49699999997,211168.45,241478.474,241436.198,217514.663,213102.403
780,243582.72799999997,212335.327,245869.20699999997,238658.779,217706.81900000002,212391.697
781,244583.56199999998,212803.583,242897.777,210958.515,217617.94700000001,212989.61700000003
782,244420.6,212753.136,242601.195,237540.0,214292.78399999999,214011.316
783,244897.46999999997,212789.815,243677.08299999998,238337.892,205244.999,214630.742
784,246303.37700000004,213765.92799999999,245001.557,253425.75,206156.91999999998,215652.80299999996
785,245763.77200000003,212747.48,244352.857,184327.801,206219.327,215364.217
786,258210.927,217358.56600000002,260079.811,181319.669,208818.648,219618.214
787,257930.05700000003,218507.02800000002,259761.262,220483.5,206877.64500000002,218693.11599999998
788,259249.70999999996,217546.015,260205.53499999997,248628.563,207927.599,218588.186
789,257436.49699999997,217140.907,259042.713,258204.647,209153.528,218446.511
790,259543.785,217542.227,260854.823,233630.521,207808.184,220762.896
791,259062.538,216972.67,259643.86699999997,238083.696,208639.35199999998,218825.799
792,264382.337,217818.45200000002,267600.0,254547.375,210845.218,221809.04499999998
793,263621.27,218303.79,267600.0,209441.197,216485.465,222255.87099999998
794,264974.43799999997,218414.75799999997,267600.0,195089.625,217449.74200000003,221428.17500000002
795,264728.225,217349.385,267600.0,231039.698,215539.90600000002,222115.505
796,264363.289,218996.417,267600.0,257339.874,216190.43099999998,222406.955
797,264396.11199999996,217774.242,267600.0,258668.029,216293.429,222495.307
798,266336.8,220221.382,267600.0,208926.37699999998,218367.825,222692.434
799,266169.238,221396.10000000003,267600.0,192730.666,221905.984,223740.42200000002
800,265772.019,220782.946,267600.0,229704.75,222384.81,223416.138
801,266221.695,220286.97699999998,267600.0,253876.313,224439.423,222954.949
802,266362.428,220322.571,267600.0,263167.385,221866.494,224171.20900000003
803,266301.994,219747.89200000002,267600.0,219047.358,222128.48,223862.804
804,265147.321,219597.93899999998,267600.0,180212.329,220047.45799999998,222629.685
805,265171.925,218859.028,267600.0,224224.125,239805.92500000002,222879.5
806,264555.425,218884.672,267600.0,249394.125,238926.87,222883.327
807,265091.019,219579.169,267600.0,258646.253,240167.593,223347.631
808,265130.36699999997,218109.994,267600.0,211892.878,241356.495,222742.284
809,265720.531,218463.048,267600.0,214866.986,239438.959,222419.913
810,257178.715,209886.731,267600.0,244165.245,231143.18200000003,220686.31100000002
811,256210.514,209729.668,267600.0,243146.953,241135.393,220258.21800000002
812,256473.836,209098.55000000002,267600.0,232642.013,239932.655,220007.25100000002
813,256467.416,209529.171,267600.0,218640.947,240376.813,220630.283
814,256318.77500000002,209382.727,267600.0,240325.772,240608.608,220483.93
815,256128.485,209755.087,267600.0,256638.75,241509.162,220553.055
816,261399.697,208982.324,267600.0,208548.388,242887.67200000002,221229.481
817,259731.68600000002,209558.799,263381.48,204581.625,241415.505,221033.275
818,260069.642,209484.94,262861.452,238441.261,240888.943,221136.138
819,259866.989,210391.334,260161.66900000005,267600.0,240487.23,221824.75400000002
820,260059.126,210597.27099999998,258315.117,246001.313,241664.99,221089.658
821,260878.925,208690.97100000002,261277.667,236575.49599999998,241040.709,219300.05299999999
822,263241.387,215367.35900000003,266667.146,241862.582,242233.345,221733.52699999997
823,263263.719,215373.93899999998,266553.38,239549.728,239165.404,221762.56999999998
824,263398.176,214833.59100000001,266867.179,240896.814,232167.829,222278.725
825,262649.564,213512.248,266881.639,214375.54499999998,228679.516,221567.986
826,261606.37,214515.791,266527.12,212783.525,229154.755,221697.53100000002
827,260974.098,215331.02699999997,265109.351,239224.65,228786.701,222326.965
828,248936.761,218068.438,241593.283,241464.589,220229.83099999998,217864.253
829,249029.84399999998,218658.59,244280.201,226184.733,218551.164,215186.26799999998
830,249289.604,217891.299,242849.47,232520.606,217987.557,215586.232
831,249113.239,218621.41999999998,244783.245,240501.051,218891.17299999998,214775.111
832,249208.89699999997,217645.415,242088.59,213106.933,218194.421,215471.805
833,248269.03399999999,218009.58000000002,243622.527,232481.411,218034.42099999997,215539.19
834,240585.71,219358.853,228697.394,237540.0,212860.91199999998,211222.776
835,240894.514,218807.46899999998,229356.404,207877.315,214881.757,210509.82799999998
836,240320.988,218907.72,227862.518,224475.0,214249.573,210865.962
837,240652.083,219999.883,228632.079,237540.0,213876.09399999998,211963.698
838,240847.39599999998,219802.462,229744.724,206105.94400000002,213779.853,211381.889
839,240542.75699999998,219759.835,229975.601,224790.0,213809.82,212118.832
840,242111.04599999997,217453.581,234806.238,237540.0,215845.712,212045.134
841,242480.881,215860.04499999998,231772.353,230199.563,219283.418,212847.132
842,236975.688,215754.479,232583.052,216070.36800000002,219364.405,212468.875
843,236171.025,216241.377,232903.462,223991.25,217879.97,212618.59999999998
844,237491.378,217548.159,232971.84100000001,237540.0,217600.609,212961.078
845,237428.43800000002,216993.938,231413.62900000002,236098.363,217789.936,212033.577
846,242249.756,221156.45399999997,239527.91100000002,227255.438,220870.999,214454.68899999998
847,243248.733,222313.031,239383.605,207780.0,225400.15699999998,214999.34600000002
848,241507.28699999998,222075.03900000002,238926.397,235337.739,225605.659,214365.904
849,242273.103,222026.733,239627.81499999997,207780.0,224298.96600000001,216302.01
850,242252.293,221813.98400000003,238074.688,192034.264,224551.188,213282.991
851,242302.833,220903.32,238719.77699999997,207780.0,225232.056,213948.797
852,256328.14400000003,227803.73,254869.322,238650.943,233419.474,219645.315
853,256972.97100000002,228448.22699999998,257025.533,267544.158,242013.58399999997,219795.38
854,255157.24300000002,226940.045,255822.14299999998,222815.063,242101.983,221452.069
855,256301.653,226619.372,253923.16999999998,222000.188,241162.396,220691.654
856,254883.778,227327.968,256005.98,241434.96600000001,241943.19799999997,220483.662
857,256168.946,227963.315,254707.91999999998,256219.125,241095.957,220731.093
858,242935.251,211511.707,238306.92099999997,173457.922,231019.44400000002,215648.083
859,239947.696,211138.97699999998,238138.117,174420.0,239298.188,214605.788
860,239291.201,212072.88299999997,238255.885,207780.0,240538.876,214198.69400000002
861,240824.48899999997,211504.62900000002,238987.46,237540.0,239704.126,214369.712
862,240529.851,210914.84600000002,238072.915,257715.73200000002,240076.501,215585.79200000002
863,241939.087,212061.89800000002,236876.932,215754.03,240495.938,215324.635
864,241734.50699999998,199824.811,236035.987,220657.688,240341.063,212990.09100000001
865,239641.675,200125.797,236019.359,246488.063,235423.126,213667.986
866,239114.97500000003,199333.111,236653.39899999998,246255.0,232683.425,212600.335
867,237946.97000000003,200004.113,234954.283,217154.853,230136.019,213994.375
868,238940.77800000002,199179.611,238334.67799999999,240133.861,232623.80299999999,215689.939
869,239803.99299999996,199788.967,237444.581,235830.653,227738.081,214129.811
870,245005.62799999997,204201.947,243070.459,235998.60700000002,235554.206,217878.576
871,243381.025,204968.045,242639.808,224722.313,244957.456,215511.13299999997
872,245794.276,205185.253,242160.169,216804.16700000002,246030.10799999998,216502.067
873,244717.842,203847.001,242854.07900000003,237540.0,244599.36700000003,216153.657
874,246195.391,204650.793,244365.847,255282.938,246525.606,216376.95
875,246114.369,204974.165,243339.85299999997,206687.089,245012.769,215824.368
876,243153.93899999998,205432.289,238076.361,214699.329,243374.124,215836.501
877,242187.109,205923.362,239692.90300000002,240898.861,220342.899,215619.978
878,243024.863,206444.431,239499.105,260363.329,213531.79099999997,213395.42299999998
879,241821.81300000002,206379.949,241034.692,206759.25,214429.009,214134.719
880,240042.362,205892.673,240936.995,214889.804,213972.669,214512.036
881,239881.25699999998,206538.76700000002,239417.679,242547.865,214428.65399999998,215620.15600000002
882,252587.642,213396.08800000002,254809.33,258814.614,218390.086,219323.67799999999
883,253288.514,214977.667,254135.236,186932.854,223353.94,218908.34900000002
884,252419.532,214761.261,253388.617,174420.0,220597.953,218628.723
885,254211.94700000001,215319.758,253145.22600000002,216280.059,221847.34100000001,218574.916
886,254139.826,214391.284,253223.97400000002,244149.238,222743.769,220128.93
887,252377.15600000002,214356.526,251620.04700000002,266528.967,220932.128,218652.45
888,258587.35499999998,219717.47699999998,260078.374,219348.564,223715.922,220903.33899999998
889,257958.436,218782.67100000003,259580.344,237540.0,227055.85,220829.682
890,257028.516,220021.905,258305.06900000002,241450.286,225780.28300000002,220432.679
891,257203.718,220016.515,259200.984,218228.063,225412.93899999998,220491.867
892,260051.62600000002,220637.77,256411.011,174420.0,227344.543,221514.723
893,259446.01,219360.432,258160.63299999997,211084.138,227247.506,220364.64299999998
894,249712.28699999998,216977.03399999999,249273.375,237540.0,222293.717,217815.988
895,247726.11299999998,216804.51299999998,244700.05000000002,266149.993,227754.51,217036.281
896,247788.753,216667.86299999998,246667.24,237540.0,229592.37399999998,215636.751
897,246803.32900000003,215637.026,246861.87900000002,240888.452,228543.28100000002,216029.18
898,248670.756,217590.45500000002,247161.033,223979.625,227003.899,214676.21
899,248901.27,217499.576,247328.90899999999,207780.0,229768.148,216149.65899999999
900,258214.86599999998,217310.87600000002,262085.50300000003,257423.57,236724.55099999998,221932.447
901,259199.842,216523.31600000002,260959.58499999996,221965.688,235055.00499999998,221108.552
902,257486.594,217203.592,260983.06999999998,225220.688,236407.904,220457.111
903,259489.325,217154.65,261048.442,234609.44400000002,235779.773,220686.05899999998
904,259590.98599999998,217410.991,264876.993,250210.688,235772.988,221501.915
905,260598.439,217648.462,263058.674,238079.498,236913.64,220411.99800000002
906,263473.019,215385.137,267600.0,238513.482,236827.96399999998,221901.308
907,263556.321,215327.167,267600.0,241419.7,238177.73500000002,221518.41499999998
908,262494.202,216439.343,267600.0,201692.438,238303.16799999998,221419.9
909,264025.999,215998.13199999998,267600.0,205303.313,238604.537,221100.82700000002
910,263070.481,216479.288,267600.0,229473.375,237646.967,221206.642
911,262872.40499999997,216531.391,267600.0,255496.125,232700.086,221142.414
912,252261.33299999998,211157.83800000002,253168.522,237540.0,220568.88,218782.94700000001
913,250498.543,211930.744,246203.124,229474.313,220932.89299999998,218334.15600000002
914,250645.65,210863.077,246152.47600000002,212010.094,220581.247,218809.189
915,249304.826,211880.525,245282.484,237540.0,220689.575,216086.74699999997
916,249262.881,211158.734,243341.254,221290.286,221409.68300000002,216497.329
917,248790.22500000003,211435.598,244372.773,220495.313,221345.309,216804.93899999998
918,241496.926,210641.019,238582.904,218848.236,220484.687,213598.03
919,240317.831,211425.312,239362.017,227323.875,216447.952,214355.70500000002
920,243050.743,211584.97,239600.45200000002,237540.0,216576.217,215139.09999999998
921,242354.873,211196.25300000003,238605.049,234489.742,216527.457,215254.176
922,242118.036,210172.823,241420.74,223896.938,216844.516,214769.66700000002
923,242848.251,211451.086,238918.23799999998,219058.407,216929.305,213593.832
924,254290.063,212671.006,255735.24799999996,237540.0,218226.123,220033.78900000002
925,254589.348,213185.261,254718.19900000002,249414.0,218859.261,218420.88400000002
926,254716.628,213599.571,253992.288,230256.938,218876.852,219388.532
927,255467.585,212524.96300000002,254641.146,237540.0,219380.37099999998,219576.424
928,253938.38900000002,213584.467,254432.363,247425.75,213885.56,219569.838
929,255934.263,212198.31100000002,254683.366,199774.157,211117.646,220079.832
930,257289.84,220139.061,258862.759,174420.0,210890.022,220875.105
931,259388.802,221487.39500000002,257390.269,211832.589,212709.682,220672.24899999998
932,258143.55099999998,220869.105,263174.905,239425.66,212174.944,220689.653
933,258710.229,219437.883,258927.544,267600.0,212089.701,220907.013
934,258703.78999999998,219723.46399999998,260109.62900000002,246256.688,213117.277,220580.117
935,258611.67700000003,220077.686,259354.96099999998,241818.137,211818.50699999998,221058.8
936,261890.99000000002,223651.18,267600.0,242162.698,214143.49599999998,221172.987
937,263567.424,225259.75400000002,266366.545,220877.063,213244.00699999998,221369.603
938,262969.083,225028.945,266768.62299999996,194695.688,212460.747,221902.264
939,263866.819,222927.978,267600.0,223306.5,212408.402,221555.107
940,262898.634,223361.57799999998,267587.119,249475.875,212447.632,221795.17799999999
941,262920.395,223739.168,267440.507,258918.297,212696.4,221666.49599999998
942,266711.418,221345.274,267600.0,227584.5,217744.287,223805.624
943,266991.104,220740.50199999998,267600.0,203733.375,226823.21000000002,223099.243
944,266966.41099999996,221140.04700000002,267600.0,237894.887,224943.494,222537.785
945,266959.99100000004,221811.38600000003,267600.0,263193.386,226507.765,224298.927
946,266761.829,220406.329,267600.0,262430.486,226310.13,223031.953
947,266312.917,220618.53,267600.0,219210.211,225667.68199999997,222655.95900000003
948,264983.644,214198.469,267600.0,179661.31900000002,222401.72600000002,221296.809
949,264523.55700000003,214003.59999999998,267600.0,223402.125,238505.616,221672.245
950,264813.023,213426.835,267600.0,247659.188,239688.64899999998,221794.334
951,265065.707,214371.53999999998,267600.0,265410.562,237820.054,222331.33200000002
952,264992.628,215048.90600000002,267600.0,215922.407,237544.145,222206.651
953,265016.502,214899.777,267600.0,204624.188,241575.148,221859.993
954,262018.51499999998,215938.964,267600.0,221885.625,236071.164,220976.838
955,259899.10499999998,216050.733,267600.0,247935.563,239253.139,219798.73
956,260188.682,216615.655,267600.0,258882.813,238911.155,220139.638
957,259040.255,214917.54,267600.0,235233.03399999999,238414.334,219825.494
958,259110.49800000002,215399.404,267600.0,211141.785,240103.602,220250.56900000002
959,260245.24599999998,215650.11599999998,267600.0,179835.461,237602.601,221201.991
960,257458.71,210296.43999999997,267600.0,227253.0,237376.142,219454.745
961,256955.12,210000.637,267600.0,255336.0,235616.464,219649.25199999998
962,257607.739,209193.135,267600.0,252789.563,234866.58099999998,219924.454
963,257462.65399999998,209409.738,267600.0,229274.25,235757.81699999998,219918.363
964,257711.512,209759.789,256901.68,231657.687,235846.309,219936.581
965,254844.114,209959.581,254580.11299999998,235771.438,235109.12999999998,219608.32
966,262517.52400000003,212119.10199999998,263808.627,245381.721,237429.184,221011.35100000002
967,261276.097,213252.022,263748.864,222724.125,236190.87,221163.76700000002
968,261509.036,212575.393,263037.001,201689.063,235016.275,221429.47400000002
969,262247.359,214103.869,266906.87,233761.34,235975.55,220571.93300000002
970,262153.269,212179.462,267386.429,261722.447,236929.858,220938.775
971,262749.31299999997,213576.079,264457.156,255057.0,235307.12999999998,221318.273
972,252828.824,222526.93,250487.099,216504.883,233532.09600000002,219850.12000000002
973,253943.65099999998,221767.732,248568.826,241392.557,231932.15,219468.439
974,253324.352,222302.12499999997,250539.59500000003,203235.55299999999,232089.947,220065.62
975,252658.32400000002,223084.63,249483.67099999997,192455.855,232846.443,219478.20799999998
976,253254.58100000003,223472.761,251690.022,219126.14299999998,233020.919,219332.0
977,254608.12999999998,222462.93300000002,251661.29,242603.579,232130.214,219598.506
978,244386.185,224143.62,235161.818,237540.0,230091.231,217973.974
979,244552.19400000002,224198.914,236268.74899999998,215127.599,230463.44400000002,218239.18
980,244523.38,224306.341,236439.525,225012.563,229302.84,217988.846
981,245332.842,224379.50999999998,236128.344,237540.0,229523.865,217501.739
982,244401.468,224413.269,236093.01799999998,227230.125,222139.139,217576.87000000002
983,245192.038,224626.187,237527.334,237540.0,218174.085,218114.449
984,250985.994,221518.483,249123.96899999998,221298.563,221913.294,218421.012
985,250573.451,221288.75,247357.811,215921.206,222181.333,218265.847
986,250822.49800000002,220005.00400000002,246333.74200000003,242288.66,221862.01399999997,218809.198
987,251378.715,220288.92700000003,246259.05399999997,259876.837,222623.152,219081.922
988,251168.09100000001,221546.60799999998,246196.168,172081.431,221464.032,218680.652
989,250004.546,220943.477,247494.271,174420.0,221695.40899999999,218493.84100000001
990,250555.929,218894.581,247034.833,207780.0,220819.633,218835.972
991,251377.491,218448.34500000003,247646.498,237540.0,220756.63,218465.556
992,250552.717,220510.358,245054.427,266456.142,220589.513,218667.386
993,250624.413,219089.31699999998,245993.82200000001,228904.313,222120.017,218841.104
994,249300.897,219558.59,245724.769,215957.476,219407.326,218581.71600000001
995,247680.928,219250.018,246979.35599999997,228312.75,221284.349,218412.511
996,252485.439,221030.82300000003,250526.612,237642.794,221420.78,219174.636
997,249119.55599999998,222101.365,249618.039,237540.0,228493.11000000002,219344.756
998,251145.671,222519.302,249363.063,232444.767,229383.75899999996,220246.72
999,250147.087,222115.62300000002,251498.372,195499.125,227275.294,219850.958
1000,250492.97699999998,222224.16100000002,248518.00699999998,207780.0,227217.369,219710.458
1001,251506.038,222452.729,247173.41499999998,209274.5,227003.31900000002,219649.03600000002
1002,247010.519,213906.396,244594.89600000004,239790.887,225086.138,219334.224
1003,247943.302,213808.117,246858.403,253191.375,237969.169,219455.934
1004,248385.78999999998,215845.097,247057.37699999998,221841.75,237792.538,219671.14
1005,247835.535,214157.62,244078.201,223149.188,237878.752,220139.396
1006,245488.55,213918.906,246344.017,237540.0,237163.339,219209.501
1007,247551.65,213568.84999999998,246872.576,237540.0,238027.573,217615.3
1008,233807.638,200587.854,229499.276,226186.5,229946.946,213793.169
